Workbook
Name _diemquydoi: 'Bảng 1'!$J$5:$J$8
Name _ketqua: 'Bảng 1'!$K$5:$K$8
Name _nganhhoc: 'Bảng 1'!$D$5:$D$8
Name _nienkhoa: 'Bảng 1'!$D$5:$D$6
Name _tongket: 'Bảng 1'!$I$5:$I$8
Name _xeploai: 'Bảng 1'!$K$5:$K$6
Name _xepvithu: 'Bảng 1'!$J$5:$J$6
Name h: 'Bảng 1'!$E$5:$E$6

Sheet Bảng 1
A1: BẢNG 1
A2: Tên lớp | B2: Họ lót | C2: Tên | D2: Ngành học | E2: Chuyên cần | F2: Kiểm tra TX | G2: Kiểm tra GK | H2: Thi | I2: Tổng kết | J2: Điểm quy đổi | K2: Kết quả
E3: Trọng số
E4: 0.1 | F4: 0.2 | G4: 0.2 | H4: 0.5
A5: IT18A1 | B5: Trương Thị | C5: Hạnh | D5: =VLOOKUP(LEFT(A5,2), 'Bảng 2'!$A$3:$B$6, 2, 0) -> Công nghệ thông tin | E5: 10 | F5: 10 | G5: 8.5 | H5: 9.5 | I5: =E5*$E$4 + F5*$F$4 + G5*$G$4 + H5*$H$4 -> 9.45 | J5: =IF(I5>=8.5, "A", IF(I5>=7, "B", IF(I5>=5, "C", IF(I5>=4, "D", "F")))) -> A | K5: =IF(I5>=4, "Đạt", "Không") -> Đạt
A6: AC18A1 | B6: Lê Thanh | C6: Bình | D6: =VLOOKUP(LEFT(A6,2), 'Bảng 2'!$A$3:$B$6, 2, 0) -> Kế toán | E6: 8.5 | F6: 7 | G6: 8.5 | H6: 9.5 | I6: =E6*10% + F6*20% + G6*20% + H6*50% -> 8.7 | J6: =IF(I6>=8.5, "A", IF(I6>=7, "B", IF(I6>=5, "C", IF(I6>=4, "D", "F")))) -> A | K6: =IF(I6>=4, "Đạt", "Không") -> Đạt
A7: EL18A1 | B7: Nguyễn Thị | C7: Hương | D7: =VLOOKUP(LEFT(A7,2), 'Bảng 2'!$A$3:$B$6, 2, 0) -> Ngôn ngữ anh | E7: 6 | F7: 6 | G7: 7.5 | H7: 6 | I7: =E7*10% + F7*20% + G7*20% + H7*50% -> 6.3 | J7: =IF(I7>=8.5, "A", IF(I7>=7, "B", IF(I7>=5, "C", IF(I7>=4, "D", "F")))) -> C | K7: =IF(I7>=4, "Đạt", "Không") -> Đạt
A8: AH18A1 | B8: Trần Thị | C8: Đào | D8: =VLOOKUP(LEFT(A8,2), 'Bảng 2'!$A$3:$B$6, 2, 0) -> Quản trị văn phòng | E8: 3 | F8: 4 | G8: 6 | H8: 5 | I8: =E8*10% + F8*20% + G8*20% + H8*50% -> 4.8 | J8: =IF(I8>=8.5, "A", IF(I8>=7, "B", IF(I8>=5, "C", IF(I8>=4, "D", "F")))) -> D | K8: =IF(I8>=4, "Đạt", "Không") -> Đạt

Sheet Bảng 2
A1: BẢNG 2
A2: Mã ngành | B2: Tên ngành
A3: AC | B3: Kế toán
A4: IT | B4: Công nghệ thông tin
A5: EL | B5: Ngôn ngữ anh
A6: AH | B6: Quản trị văn phòng

Sheet Bảng 3
A1: BẢNG 3
A2: Điểm tổng kết cao nhất | B2: =MAX(_tongket) -> 9.45
A3: Điểm tổng kết thấp nhất | B3: =MIN(_tongket) -> 4.8
A4: Tổng sinh viên đạt | B4: =COUNTIF(_ketqua, "Đạt") -> 4
A5: Số sinh viên họ Lê | B5: =COUNTIF('Bảng 1'!B5:B100, "Lê*") -> 1

Sheet KQL
A1: BẢNG 1
A2: Tên lớp | B2: Họ lót | C2: Tên | D2: Ngành học | E2: Chuyên cần | F2: Kiểm tra TX | G2: Kiểm tra GK | H2: Thi | I2: Tổng kết | J2: Điểm quy đổi | K2: Kết quả
E3: Trọng số
E4: 0.1 | F4: 0.2 | G4: 0.2 | H4: 0.5
A5: IT18A1 | B5: Trương Thị | C5: Hạnh | D5: =VLOOKUP(LEFT(A5,2), 'Bảng 2'!$A$3:$B$6, 2, 0) -> Công nghệ thông tin | E5: 10 | F5: 10 | G5: 8.5 | H5: 9.5 | I5: =E5*10% + F5*20% + G5*20% + H5*50% -> 9.45 | J5: =IF(I5>=8.5, "A", IF(I5>=7, "B", IF(I5>=5, "C", IF(I5>=4, "D", "F")))) -> A | K5: =IF(I5>=4, "Đạt", "Không") -> Đạt
A6: AC18A1 | B6: Lê Thanh | C6: Bình | D6: =VLOOKUP(LEFT(A6,2), 'Bảng 2'!$A$3:$B$6, 2, 0) -> Kế toán | E6: 8.5 | F6: 7 | G6: 8.5 | H6: 9.5 | I6: =E6*10% + F6*20% + G6*20% + H6*50% -> 8.7 | J6: =IF(I6>=8.5, "A", IF(I6>=7, "B", IF(I6>=5, "C", IF(I6>=4, "D", "F")))) -> A | K6: =IF(I6>=4, "Đạt", "Không") -> Đạt
A7: EL18A1 | B7: Nguyễn Thị | C7: Hương | D7: =VLOOKUP(LEFT(A7,2), 'Bảng 2'!$A$3:$B$6, 2, 0) -> Ngôn ngữ anh | E7: 6 | F7: 6 | G7: 7.5 | H7: 6 | I7: =E7*10% + F7*20% + G7*20% + H7*50% -> 6.3 | J7: =IF(I7>=8.5, "A", IF(I7>=7, "B", IF(I7>=5, "C", IF(I7>=4, "D", "F")))) -> C | K7: =IF(I7>=4, "Đạt", "Không") -> Đạt
A8: AH18A1 | B8: Trần Thị | C8: Đào | D8: =VLOOKUP(LEFT(A8,2), 'Bảng 2'!$A$3:$B$6, 2, 0) -> Quản trị văn phòng | E8: 3 | F8: 4 | G8: 6 | H8: 5 | I8: =E8*10% + F8*20% + G8*20% + H8*50% -> 4.8 | J8: =IF(I8>=8.5, "A", IF(I8>=7, "B", IF(I8>=5, "C", IF(I8>=4, "D", "F")))) -> D | K8: =IF(I8>=4, "Đạt", "Không") -> Đạt
