Workbook
Name _nienkhoa: KQL!$D$5:$D$8
Name _nienkhoa: 'Bảng 1'!$D$5:$D$8
Name _tongket: KQL!$E$5:$E$8
Name _tongket: 'Bảng 1'!$E$5:$E$8
Name _xeploai: KQL!$K$5:$K$8
Name _xeploai: 'Bảng 1'!$K$5:$K$8
Name _xepvithu: KQL!$J$5:$J$8
Name _xepvithu: 'Bảng 1'!$J$5:$J$8

Sheet Bảng 1
A1: BẢNG 1
A2: Tên lớp | B2: Họ lót | C2: Tên | D2: Niên khóa | E2: Chuyên cần | F2: Kiểm tra TX | G2: Kiểm tra GK | H2: Thi | I2: Tổng kết | J2: Xếp vị thứ | K2: Xếp loại
E3: Trọng số
E4: 0.1 | F4: 0.25 | G4: 0.15 | H4: 0.5
A5: DD18A1 | B5: Trương Thị | C5: Hoa | D5: =HLOOKUP(VALUE(MID(A5,3,2)),'Bảng 2'!$B$2:$C$3,2,0) -> 2018-2022 | E5: 10 | F5: 10 | G5: 8.5 | H5: 9.5 | I5: =(E5*10%)+(F5*25%)+(G5*15%)+(H5*50%) -> 9.525 | J5: =RANK(I5,$I$5:$I$8) -> 1 | K5: =IF(I5>=9,"XUẤT SẮC",IF(I5>=8,"GIỎI",IF(I5>=7,"KHÁ",IF(I5>=5,"TRUNG BÌNH","YẾU")))) -> XUẤT SẮC
A6: DD19A1 | B6: Lê Thanh | C6: Bình | D6: =HLOOKUP(VALUE(MID(A6,3,2)),'Bảng 2'!$B$2:$C$3,2,0) -> 2019-2023 | E6: 8.5 | F6: 7 | G6: 8.5 | H6: 9.5 | I6: =(E6*10%)+(F6*25%)+(G6*15%)+(H6*50%) -> 8.625 | J6: =RANK(I6,$I$5:$I$8) -> 2 | K6: =IF(I6>=9,"XUẤT SẮC",IF(I6>=8,"GIỎI",IF(I6>=7,"KHÁ",IF(I6>=5,"TRUNG BÌNH","YẾU")))) -> GIỎI
A7: DD19A1 | B7: Nguyễn Thị | C7: Hương | D7: =HLOOKUP(VALUE(MID(A7,3,2)),'Bảng 2'!$B$2:$C$3,2,0) -> 2019-2023 | E7: 6 | F7: 6 | G7: 7.5 | H7: 6 | I7: =(E7*10%)+(F7*25%)+(G7*15%)+(H7*50%) -> 6.225 | J7: =RANK(I7,$I$5:$I$8) -> 3 | K7: =IF(I7>=9,"XUẤT SẮC",IF(I7>=8,"GIỎI",IF(I7>=7,"KHÁ",IF(I7>=5,"TRUNG BÌNH","YẾU")))) -> TRUNG BÌNH
A8: DD18A1 | B8: Trần Thị | C8: Đào | D8: =HLOOKUP(VALUE(MID(A8,3,2)),'Bảng 2'!$B$2:$C$3,2,0) -> 2018-2022 | E8: 3 | F8: 2 | G8: 3 | H8: 5 | I8: =(E8*10%)+(F8*25%)+(G8*15%)+(H8*50%) -> 3.75 | J8: =RANK(I8,$I$5:$I$8) -> 4 | K8: =IF(I8>=9,"XUẤT SẮC",IF(I8>=8,"GIỎI",IF(I8>=7,"KHÁ",IF(I8>=5,"TRUNG BÌNH","YẾU")))) -> YẾU

Sheet Bảng 2
A1: BẢNG 2
A2: Mã | B2: 18 | C2: 19
A3: Niên khóa | B3: 2018-2022 | C3: 2019-2023

Sheet Bảng 3
A1: BẢNG 3
A2: Điểm tổng kết cao nhất | B2: =MAX(_tongket) -> 10
A3: Điểm tổng kết thấp nhất | B3: =MIN(_tongket) -> 3
A4: Số sinh viên có điểm thi >= 5 | B4: =COUNTIF(_tongket, ">=5") -> 3
A5: Số sinh viên có tên bắt đầu bằng ký tự H | B5: =COUNTIF('Bảng 1'!C5:C8,"H*") -> 2

Sheet KQL
A1: BẢNG 1
A2: Tên lớp | B2: Họ lót | C2: Tên | D2: Niên khóa | E2: Chuyên cần | F2: Kiểm tra TX | G2: Kiểm tra GK | H2: Thi | I2: Tổng kết | J2: Xếp vị thứ | K2: Xếp loại
E3: Trọng số
E4: 0.1 | F4: 0.25 | G4: 0.15 | H4: 0.5
A5: DD18A1 | B5: Trương Thị | C5: Hoa | D5: =HLOOKUP(VALUE(MID(A5,3,2)),'Bảng 2'!$B$2:$C$3,2,0) -> 2018-2022 | E5: 10 | F5: 10 | G5: 8.5 | H5: 9.5 | I5: =(E5*10%)+(F5*25%)+(G5*15%)+(H5*50%) -> 9.525 | J5: =RANK(I5,$I$5:$I$8) -> 1 | K5: =IF(I5>=9,"XUẤT SẮC",IF(I5>=8,"GIỎI",IF(I5>=7,"KHÁ",IF(I5>=5,"TRUNG BÌNH","YẾU")))) -> XUẤT SẮC
A6: DD19A1 | B6: Lê Thanh | C6: Bình | D6: =HLOOKUP(VALUE(MID(A6,3,2)),'Bảng 2'!$B$2:$C$3,2,0) -> 2019-2023 | E6: 8.5 | F6: 7 | G6: 8.5 | H6: 9.5 | I6: =(E6*10%)+(F6*25%)+(G6*15%)+(H6*50%) -> 8.625 | J6: =RANK(I6,$I$5:$I$8) -> 2 | K6: =IF(I6>=9,"XUẤT SẮC",IF(I6>=8,"GIỎI",IF(I6>=7,"KHÁ",IF(I6>=5,"TRUNG BÌNH","YẾU")))) -> GIỎI
A7: DD19A1 | B7: Nguyễn Thị | C7: Hương | D7: =HLOOKUP(VALUE(MID(A7,3,2)),'Bảng 2'!$B$2:$C$3,2,0) -> 2019-2023 | E7: 6 | F7: 6 | G7: 7.5 | H7: 6 | I7: =(E7*10%)+(F7*25%)+(G7*15%)+(H7*50%) -> 6.225 | J7: =RANK(I7,$I$5:$I$8) -> 3 | K7: =IF(I7>=9,"XUẤT SẮC",IF(I7>=8,"GIỎI",IF(I7>=7,"KHÁ",IF(I7>=5,"TRUNG BÌNH","YẾU")))) -> TRUNG BÌNH
A8: DD18A1 | B8: Trần Thị | C8: Đào | D8: =HLOOKUP(VALUE(MID(A8,3,2)),'Bảng 2'!$B$2:$C$3,2,0) -> 2018-2022 | E8: 3 | F8: 2 | G8: 3 | H8: 5 | I8: =(E8*10%)+(F8*25%)+(G8*15%)+(H8*50%) -> 3.75 | J8: =RANK(I8,$I$5:$I$8) -> 4 | K8: =IF(I8>=9,"XUẤT SẮC",IF(I8>=8,"GIỎI",IF(I8>=7,"KHÁ",IF(I8>=5,"TRUNG BÌNH","YẾU")))) -> YẾU
